[
    {
        "name": "iPhone 9",
        "unitPrice": 549,
        "description": "An apple mobile which is nothing like apple",
        "images": [
            "https://i.dummyjson.com/data/products/1/1.jpg",
            "https://i.dummyjson.com/data/products/1/2.jpg",
            "https://i.dummyjson.com/data/products/1/3.jpg",
            "https://i.dummyjson.com/data/products/1/4.jpg",
            "https://i.dummyjson.com/data/products/1/thumbnail.jpg"
        ],
        "category": "smartphones"
    },
    {
        "name": "iPhone X",
        "unitPrice": 899,
        "description": "SIM-Free, Model A19211 6.5-inch Super Retina HD display with OLED technology A12 Bionic chip with ...",
        "images": [
            "https://i.dummyjson.com/data/products/2/1.jpg",
            "https://i.dummyjson.com/data/products/2/2.jpg",
            "https://i.dummyjson.com/data/products/2/3.jpg",
            "https://i.dummyjson.com/data/products/2/thumbnail.jpg"
        ],
        "category": "smartphones"
    },
    {
        "name": "Samsung Universe 9",
        "unitPrice": 1249,
        "description": "Samsung's new variant which goes beyond Galaxy to the Universe",
        "images": [
            "https://i.dummyjson.com/data/products/3/1.jpg"
        ],
        "category": "smartphones"
    },
    {
        "name": "OPPOF19",
        "unitPrice": 280,
        "description": "OPPO F19 is officially announced on April 2021.",
        "images": [
            "https://i.dummyjson.com/data/products/4/1.jpg",
            "https://i.dummyjson.com/data/products/4/2.jpg",
            "https://i.dummyjson.com/data/products/4/3.jpg",
            "https://i.dummyjson.com/data/products/4/4.jpg",
            "https://i.dummyjson.com/data/products/4/thumbnail.jpg"
        ],
        "category": "smartphones"
    },
    {
        "name": "Huawei P30",
        "unitPrice": 499,
        "description": "Huawei’s re-badged P30 Pro New Edition was officially unveiled yesterday in Germany and now the device has made its way to the UK.",
        "images": [
            "https://i.dummyjson.com/data/products/5/1.jpg",
            "https://i.dummyjson.com/data/products/5/2.jpg",
            "https://i.dummyjson.com/data/products/5/3.jpg"
        ],
        "category": "smartphones"
    },
    {
        "name": "MacBook Pro",
        "unitPrice": 1749,
        "description": "MacBook Pro 2021 with mini-LED display may launch between September, November",
        "images": [
            "https://i.dummyjson.com/data/products/6/1.png",
            "https://i.dummyjson.com/data/products/6/2.jpg",
            "https://i.dummyjson.com/data/products/6/3.png",
            "https://i.dummyjson.com/data/products/6/4.jpg"
        ],
        "category": "laptops"
    },
    {
        "name": "Samsung Galaxy Book",
        "unitPrice": 1499,
        "description": "Samsung Galaxy Book S (2020) Laptop With Intel Lakefield Chip, 8GB of RAM Launched",
        "images": [
            "https://i.dummyjson.com/data/products/7/1.jpg",
            "https://i.dummyjson.com/data/products/7/2.jpg",
            "https://i.dummyjson.com/data/products/7/3.jpg",
            "https://i.dummyjson.com/data/products/7/thumbnail.jpg"
        ],
        "category": "laptops"
    },
    {
        "name": "Microsoft Surface Laptop 4",
        "unitPrice": 1499,
        "description": "Style and speed. Stand out on HD video calls backed by Studio Mics. Capture ideas on the vibrant touchscreen.",
        "images": [
            "https://i.dummyjson.com/data/products/8/1.jpg",
            "https://i.dummyjson.com/data/products/8/2.jpg",
            "https://i.dummyjson.com/data/products/8/3.jpg",
            "https://i.dummyjson.com/data/products/8/4.jpg",
            "https://i.dummyjson.com/data/products/8/thumbnail.jpg"
        ],
        "category": "laptops"
    },
    {
        "name": "Infinix INBOOK",
        "unitPrice": 1099,
        "description": "Infinix Inbook X1 Ci3 10th 8GB 256GB 14 Win10 Grey – 1 Year Warranty",
        "images": [
            "https://i.dummyjson.com/data/products/9/1.jpg",
            "https://i.dummyjson.com/data/products/9/2.png",
            "https://i.dummyjson.com/data/products/9/3.png",
            "https://i.dummyjson.com/data/products/9/4.jpg",
            "https://i.dummyjson.com/data/products/9/thumbnail.jpg"
        ],
        "category": "laptops"
    },
    {
        "name": "HP Pavilion 15-DK1056WM",
        "unitPrice": 1099,
        "description": "HP Pavilion 15-DK1056WM Gaming Laptop 10th Gen Core i5, 8GB, 256GB SSD, GTX 1650 4GB, Windows 10",
        "images": [
            "https://i.dummyjson.com/data/products/10/1.jpg",
            "https://i.dummyjson.com/data/products/10/2.jpg",
            "https://i.dummyjson.com/data/products/10/3.jpg",
            "https://i.dummyjson.com/data/products/10/thumbnail.jpeg"
        ],
        "category": "laptops"
    },
    {
        "name": "perfume Oil",
        "unitPrice": 13,
        "description": "Mega Discount, Impression of Acqua Di Gio by GiorgioArmani concentrated attar perfume Oil",
        "images": [
            "https://i.dummyjson.com/data/products/11/1.jpg",
            "https://i.dummyjson.com/data/products/11/2.jpg",
            "https://i.dummyjson.com/data/products/11/3.jpg",
            "https://i.dummyjson.com/data/products/11/thumbnail.jpg"
        ],
        "category": "fragrances"
    },
    {
        "name": "Brown Perfume",
        "unitPrice": 40,
        "description": "Royal_Mirage Sport Brown Perfume for Men & Women - 120ml",
        "images": [
            "https://i.dummyjson.com/data/products/12/1.jpg",
            "https://i.dummyjson.com/data/products/12/2.jpg",
            "https://i.dummyjson.com/data/products/12/3.png",
            "https://i.dummyjson.com/data/products/12/4.jpg",
            "https://i.dummyjson.com/data/products/12/thumbnail.jpg"
        ],
        "category": "fragrances"
    },
    {
        "name": "Fog Scent Xpressio Perfume",
        "unitPrice": 13,
        "description": "Product details of Best Fog Scent Xpressio Perfume 100ml For Men cool long lasting perfumes for Men",
        "images": [
            "https://i.dummyjson.com/data/products/13/1.jpg",
            "https://i.dummyjson.com/data/products/13/2.png",
            "https://i.dummyjson.com/data/products/13/3.jpg",
            "https://i.dummyjson.com/data/products/13/4.jpg",
            "https://i.dummyjson.com/data/products/13/thumbnail.webp"
        ],
        "category": "fragrances"
    },
    {
        "name": "Non-Alcoholic Concentrated Perfume Oil",
        "unitPrice": 120,
        "description": "Original Al Munakh® by Mahal Al Musk | Our Impression of Climate | 6ml Non-Alcoholic Concentrated Perfume Oil",
        "images": [
            "https://i.dummyjson.com/data/products/14/1.jpg",
            "https://i.dummyjson.com/data/products/14/2.jpg",
            "https://i.dummyjson.com/data/products/14/3.jpg",
            "https://i.dummyjson.com/data/products/14/thumbnail.jpg"
        ],
        "category": "fragrances"
    },
    {
        "name": "Eau De Perfume Spray",
        "unitPrice": 30,
        "description": "Genuine  Al-Rehab spray perfume from UAE/Saudi Arabia/Yemen High Quality",
        "images": [
            "https://i.dummyjson.com/data/products/15/1.jpg",
            "https://i.dummyjson.com/data/products/15/2.jpg",
            "https://i.dummyjson.com/data/products/15/3.jpg",
            "https://i.dummyjson.com/data/products/15/4.jpg",
            "https://i.dummyjson.com/data/products/15/thumbnail.jpg"
        ],
        "category": "fragrances"
    },
    {
        "name": "Hyaluronic Acid Serum",
        "unitPrice": 19,
        "description": "L'OrÃ©al Paris introduces Hyaluron Expert Replumping Serum formulated with 1.5% Hyaluronic Acid",
        "images": [
            "https://i.dummyjson.com/data/products/16/1.png",
            "https://i.dummyjson.com/data/products/16/2.webp",
            "https://i.dummyjson.com/data/products/16/3.jpg",
            "https://i.dummyjson.com/data/products/16/4.jpg",
            "https://i.dummyjson.com/data/products/16/thumbnail.jpg"
        ],
        "category": "skincare"
    },
    {
        "name": "Tree Oil 30ml",
        "unitPrice": 12,
        "description": "Tea tree oil contains a number of compounds, including terpinen-4-ol, that have been shown to kill certain bacteria,",
        "images": [
            "https://i.dummyjson.com/data/products/17/1.jpg",
            "https://i.dummyjson.com/data/products/17/2.jpg",
            "https://i.dummyjson.com/data/products/17/3.jpg",
            "https://i.dummyjson.com/data/products/17/thumbnail.jpg"
        ],
        "category": "skincare"
    },
    {
        "name": "Oil Free Moisturizer 100ml",
        "unitPrice": 40,
        "description": "Dermive Oil Free Moisturizer with SPF 20 is specifically formulated with ceramides, hyaluronic acid & sunscreen.",
        "images": [
            "https://i.dummyjson.com/data/products/18/1.jpg",
            "https://i.dummyjson.com/data/products/18/2.jpg",
            "https://i.dummyjson.com/data/products/18/3.jpg",
            "https://i.dummyjson.com/data/products/18/4.jpg",
            "https://i.dummyjson.com/data/products/18/thumbnail.jpg"
        ],
        "category": "skincare"
    },
    {
        "name": "Skin Beauty Serum.",
        "unitPrice": 46,
        "description": "Product name: rorec collagen hyaluronic acid white face serum riceNet weight: 15 m",
        "images": [
            "https://i.dummyjson.com/data/products/19/1.jpg",
            "https://i.dummyjson.com/data/products/19/2.jpg",
            "https://i.dummyjson.com/data/products/19/3.png",
            "https://i.dummyjson.com/data/products/19/thumbnail.jpg"
        ],
        "category": "skincare"
    },
    {
        "name": "Freckle Treatment Cream- 15gm",
        "unitPrice": 70,
        "description": "Fair & Clear is Pakistan's only pure Freckle cream which helpsfade Freckles, Darkspots and pigments. Mercury level is 0%, so there are no side effects.",
        "images": [
            "https://i.dummyjson.com/data/products/20/1.jpg",
            "https://i.dummyjson.com/data/products/20/2.jpg",
            "https://i.dummyjson.com/data/products/20/3.jpg",
            "https://i.dummyjson.com/data/products/20/4.jpg",
            "https://i.dummyjson.com/data/products/20/thumbnail.jpg"
        ],
        "category": "skincare"
    },
    {
        "name": "- Daal Masoor 500 grams",
        "unitPrice": 20,
        "description": "Fine quality Branded Product Keep in a cool and dry place",
        "images": [
            "https://i.dummyjson.com/data/products/21/1.png",
            "https://i.dummyjson.com/data/products/21/2.jpg",
            "https://i.dummyjson.com/data/products/21/3.jpg"
        ],
        "category": "groceries"
    },
    {
        "name": "Elbow Macaroni - 400 gm",
        "unitPrice": 14,
        "description": "Product details of Bake Parlor Big Elbow Macaroni - 400 gm",
        "images": [
            "https://i.dummyjson.com/data/products/22/1.jpg",
            "https://i.dummyjson.com/data/products/22/2.jpg",
            "https://i.dummyjson.com/data/products/22/3.jpg"
        ],
        "category": "groceries"
    },
    {
        "name": "Orange Essence Food Flavou",
        "unitPrice": 14,
        "description": "Specifications of Orange Essence Food Flavour For Cakes and Baking Food Item",
        "images": [
            "https://i.dummyjson.com/data/products/23/1.jpg",
            "https://i.dummyjson.com/data/products/23/2.jpg",
            "https://i.dummyjson.com/data/products/23/3.jpg",
            "https://i.dummyjson.com/data/products/23/4.jpg",
            "https://i.dummyjson.com/data/products/23/thumbnail.jpg"
        ],
        "category": "groceries"
    },
    {
        "name": "cereals muesli fruit nuts",
        "unitPrice": 46,
        "description": "original fauji cereal muesli 250gm box pack original fauji cereals muesli fruit nuts flakes breakfast cereal break fast faujicereals cerels cerel foji fouji",
        "images": [
            "https://i.dummyjson.com/data/products/24/1.jpg",
            "https://i.dummyjson.com/data/products/24/2.jpg",
            "https://i.dummyjson.com/data/products/24/3.jpg",
            "https://i.dummyjson.com/data/products/24/4.jpg",
            "https://i.dummyjson.com/data/products/24/thumbnail.jpg"
        ],
        "category": "groceries"
    },
    {
        "name": "Gulab Powder 50 Gram",
        "unitPrice": 70,
        "description": "Dry Rose Flower Powder Gulab Powder 50 Gram • Treats Wounds",
        "images": [
            "https://i.dummyjson.com/data/products/25/1.png",
            "https://i.dummyjson.com/data/products/25/2.jpg",
            "https://i.dummyjson.com/data/products/25/3.png",
            "https://i.dummyjson.com/data/products/25/4.jpg",
            "https://i.dummyjson.com/data/products/25/thumbnail.jpg"
        ],
        "category": "groceries"
    },
    {
        "name": "Plant Hanger For Home",
        "unitPrice": 41,
        "description": "Boho Decor Plant Hanger For Home Wall Decoration Macrame Wall Hanging Shelf",
        "images": [
            "https://i.dummyjson.com/data/products/26/1.jpg",
            "https://i.dummyjson.com/data/products/26/2.jpg",
            "https://i.dummyjson.com/data/products/26/3.jpg",
            "https://i.dummyjson.com/data/products/26/4.jpg",
            "https://i.dummyjson.com/data/products/26/5.jpg",
            "https://i.dummyjson.com/data/products/26/thumbnail.jpg"
        ],
        "category": "home-decoration"
    },
    {
        "name": "Flying Wooden Bird",
        "unitPrice": 51,
        "description": "Package Include 6 Birds with Adhesive Tape Shape: 3D Shaped Wooden Birds Material: Wooden MDF, Laminated 3.5mm",
        "images": [
            "https://i.dummyjson.com/data/products/27/1.jpg",
            "https://i.dummyjson.com/data/products/27/2.jpg",
            "https://i.dummyjson.com/data/products/27/3.jpg",
            "https://i.dummyjson.com/data/products/27/4.jpg",
            "https://i.dummyjson.com/data/products/27/thumbnail.webp"
        ],
        "category": "home-decoration"
    },
    {
        "name": "3D Embellishment Art Lamp",
        "unitPrice": 20,
        "description": "3D led lamp sticker Wall sticker 3d wall art light on/off button  cell operated (included)",
        "images": [
            "https://i.dummyjson.com/data/products/28/1.jpg",
            "https://i.dummyjson.com/data/products/28/2.jpg",
            "https://i.dummyjson.com/data/products/28/3.png",
            "https://i.dummyjson.com/data/products/28/4.jpg",
            "https://i.dummyjson.com/data/products/28/thumbnail.jpg"
        ],
        "category": "home-decoration"
    },
    {
        "name": "Handcraft Chinese style",
        "unitPrice": 60,
        "description": "Handcraft Chinese style art luxury palace hotel villa mansion home decor ceramic vase with brass fruit plate",
        "images": [
            "https://i.dummyjson.com/data/products/29/1.jpg",
            "https://i.dummyjson.com/data/products/29/2.jpg",
            "https://i.dummyjson.com/data/products/29/3.webp",
            "https://i.dummyjson.com/data/products/29/4.webp",
            "https://i.dummyjson.com/data/products/29/thumbnail.webp"
        ],
        "category": "home-decoration"
    },
    {
        "name": "Key Holder",
        "unitPrice": 30,
        "description": "Attractive DesignMetallic materialFour key hooksReliable & DurablePremium Quality",
        "images": [
            "https://i.dummyjson.com/data/products/30/1.jpg",
            "https://i.dummyjson.com/data/products/30/2.jpg",
            "https://i.dummyjson.com/data/products/30/3.jpg",
            "https://i.dummyjson.com/data/products/30/thumbnail.jpg"
        ],
        "category": "home-decoration"
    }
]